model,register,rarity,layer,auroc,ci_lo,ci_hi,n
gemma-2-2b-it,textbook,common,1,0.6863965595291988,0.6162205749207786,0.747631846989588,188.0
gemma-2-2b-it,textbook,rare,1,0.625,0.25,1.0,8.0
gemma-2-2b-it,patient,common,1,0.6496751600048303,0.6244192730346576,0.6750896027049874,910.0
gemma-2-2b-it,patient,rare,1,0.6184210526315789,0.5366862880886427,0.7036357340720222,76.0
gemma-2-2b-it,clinical_note,common,1,0.5501171356116412,0.5282595097210482,0.5755879724670934,910.0
gemma-2-2b-it,clinical_note,rare,1,0.5214681440443214,0.4397506925207756,0.599047783933518,76.0
gemma-2-2b-it,colloquial,common,1,0.5639657046250454,0.5364631083202512,0.5904871392343921,910.0
gemma-2-2b-it,colloquial,rare,1,0.6502770083102493,0.551904432132964,0.7507271468144044,76.0
gemma-2-2b-it,textbook,common,3,0.7201222272521502,0.656046287913083,0.7767145767315526,188.0
gemma-2-2b-it,textbook,rare,3,0.8125,0.4375,1.0,8.0
gemma-2-2b-it,patient,common,3,0.6372128969931168,0.6128172925975125,0.6609449341866924,910.0
gemma-2-2b-it,patient,rare,3,0.5325484764542936,0.4445463988919667,0.6149757617728531,76.0
gemma-2-2b-it,clinical_note,common,3,0.5482477961598842,0.527156865112909,0.569079459002536,910.0
gemma-2-2b-it,clinical_note,rare,3,0.5443213296398892,0.46398891966759,0.6267486149584487,76.0
gemma-2-2b-it,colloquial,common,3,0.5301098901098901,0.5068928873324478,0.5525196232339089,910.0
gemma-2-2b-it,colloquial,rare,3,0.5470914127423823,0.481994459833795,0.6135734072022161,76.0
gemma-2-2b-it,textbook,common,5,0.7118605703938433,0.6320224083295609,0.7875820507016749,188.0
gemma-2-2b-it,textbook,rare,5,0.6875,0.6875,1.0,8.0
gemma-2-2b-it,patient,common,5,0.626233546673107,0.6026196111580727,0.6488974761502234,910.0
gemma-2-2b-it,patient,rare,5,0.5810249307479225,0.4819771468144044,0.6849203601108034,76.0
gemma-2-2b-it,clinical_note,common,5,0.525185364086463,0.5028664412510566,0.5460926216640501,910.0
gemma-2-2b-it,clinical_note,rare,5,0.5138504155124654,0.4307306094182826,0.5949272853185595,76.0
gemma-2-2b-it,colloquial,common,5,0.5666851829489191,0.5385629754860524,0.5928939741577105,910.0
gemma-2-2b-it,colloquial,rare,5,0.6599722991689752,0.5678497229916897,0.7617728531855955,76.0
gemma-2-2b-it,textbook,common,7,0.6903576278859213,0.6124717066545948,0.7547589406971479,188.0
gemma-2-2b-it,textbook,rare,7,0.75,0.25,1.0,8.0
gemma-2-2b-it,patient,common,7,0.6141577104214466,0.591170631566236,0.6380888781548122,910.0
gemma-2-2b-it,patient,rare,7,0.6537396121883656,0.5740997229916898,0.7403047091412742,76.0
gemma-2-2b-it,clinical_note,common,7,0.5324042989977056,0.5125502958579881,0.5512761139958943,910.0
gemma-2-2b-it,clinical_note,rare,7,0.5290858725761773,0.4473337950138504,0.6122056786703601,76.0
gemma-2-2b-it,colloquial,common,7,0.5454848448255042,0.5199852674797729,0.5723867890351407,910.0
gemma-2-2b-it,colloquial,rare,7,0.5207756232686981,0.4404259002770083,0.6045879501385042,76.0
gemma-2-2b-it,textbook,common,9,0.6952240832956088,0.6317309868718877,0.7539808736985061,188.0
gemma-2-2b-it,textbook,rare,9,0.8125,0.75,1.0,8.0
gemma-2-2b-it,patient,common,9,0.6949064122690496,0.6740496316869944,0.7197937447168217,910.0
gemma-2-2b-it,patient,rare,9,0.6592797783933517,0.5775623268698061,0.7500692520775623,76.0
gemma-2-2b-it,clinical_note,common,9,0.5369254920903272,0.5133429537495472,0.5593855814515156,910.0
gemma-2-2b-it,clinical_note,rare,9,0.5055401662049861,0.4154951523545707,0.5872749307479224,76.0
gemma-2-2b-it,colloquial,common,9,0.629687235841082,0.6055443786982249,0.6552467093346215,910.0
gemma-2-2b-it,colloquial,rare,9,0.6655124653739611,0.5865650969529086,0.7617901662049862,76.0
gemma-2-2b-it,textbook,common,11,0.6846989588048891,0.6175871435038479,0.7458182435491173,188.0
gemma-2-2b-it,textbook,rare,11,0.5,0.1875,0.75,8.0
gemma-2-2b-it,patient,common,11,0.6927955560922594,0.6672812462263013,0.7184085255403937,910.0
gemma-2-2b-it,patient,rare,11,0.6835180055401662,0.6121883656509696,0.7610976454293629,76.0
gemma-2-2b-it,clinical_note,common,11,0.5793937930201666,0.55672696534235,0.6029559231976814,910.0
gemma-2-2b-it,clinical_note,rare,11,0.6059556786703602,0.5145083102493074,0.6939404432132964,76.0
gemma-2-2b-it,colloquial,common,11,0.5847602946504046,0.557188383045526,0.6111287284144428,910.0
gemma-2-2b-it,colloquial,rare,11,0.685595567867036,0.5892659279778393,0.7742382271468143,76.0
gemma-2-2b-it,textbook,common,13,0.6994114984155726,0.6341896785875963,0.761798325033952,188.0
gemma-2-2b-it,textbook,rare,13,0.75,0.6875,1.0,8.0
gemma-2-2b-it,patient,common,13,0.7300712474338849,0.7047252747252747,0.7545079096727448,910.0
gemma-2-2b-it,patient,rare,13,0.6980609418282548,0.6135734072022161,0.7894736842105263,76.0
gemma-2-2b-it,clinical_note,common,13,0.6376862697741819,0.6146214225335105,0.6621225697379542,910.0
gemma-2-2b-it,clinical_note,rare,13,0.6301939058171746,0.5526142659279778,0.7167590027700831,76.0
gemma-2-2b-it,colloquial,common,13,0.6526506460572394,0.6249654631083204,0.6786572877671779,910.0
gemma-2-2b-it,colloquial,rare,13,0.7209141274238228,0.6371018005540166,0.8213296398891967,76.0
gemma-2-2b-it,textbook,common,15,0.7369850611136259,0.6663450656405613,0.8011685151652331,188.0
gemma-2-2b-it,textbook,rare,15,0.6875,0.25,1.0,8.0
gemma-2-2b-it,patient,common,15,0.7472865595942519,0.7207224972829369,0.7721395966670691,910.0
gemma-2-2b-it,patient,rare,15,0.7292243767313019,0.6350415512465374,0.8268871191135734,76.0
gemma-2-2b-it,clinical_note,common,15,0.6534234995773458,0.6270625528317837,0.6800623113150586,910.0
gemma-2-2b-it,clinical_note,rare,15,0.7063711911357341,0.6010907202216067,0.7998788088642659,76.0
gemma-2-2b-it,colloquial,common,15,0.6733051563820793,0.6456103127641589,0.7019118463953629,910.0
gemma-2-2b-it,colloquial,rare,15,0.7825484764542936,0.7014716066481995,0.867053324099723,76.0
gemma-2-2b-it,textbook,common,17,0.711634223630602,0.6484806473517429,0.770603214124038,188.0
gemma-2-2b-it,textbook,rare,17,0.8125,0.75,1.0,8.0
gemma-2-2b-it,patient,common,17,0.7458519502475545,0.7190079700519263,0.7716674314696294,910.0
gemma-2-2b-it,patient,rare,17,0.760387811634349,0.680713296398892,0.8490824099722992,76.0
gemma-2-2b-it,clinical_note,common,17,0.6704987320371936,0.6446861490158193,0.697577587247917,910.0
gemma-2-2b-it,clinical_note,rare,17,0.7001385041551246,0.5989958448753463,0.7908760387811634,76.0
gemma-2-2b-it,colloquial,common,17,0.6958386668276778,0.6659935998067866,0.7232409129332208,910.0
gemma-2-2b-it,colloquial,rare,17,0.8365650969529086,0.7541551246537396,0.912084487534626,76.0
qwen2.5-7b-instruct,textbook,common,1,0.7057492077863287,0.6373783386147578,0.7690216161158896,188.0
qwen2.5-7b-instruct,textbook,rare,1,0.5625,0.1875,0.9375,8.0
qwen2.5-7b-instruct,patient,common,1,0.6093950006037918,0.5810419031517932,0.6397373505615265,910.0
qwen2.5-7b-instruct,patient,rare,1,0.6703601108033241,0.5574445983379501,0.7763504155124653,76.0
qwen2.5-7b-instruct,clinical_note,common,1,0.4847965221591594,0.4549196956889265,0.5149337036589784,910.0
qwen2.5-7b-instruct,clinical_note,rare,1,0.4861495844875346,0.3746364265927978,0.6032029085872577,76.0
qwen2.5-7b-instruct,colloquial,common,1,0.5457360222195387,0.5160126796280643,0.5759663084168579,910.0
qwen2.5-7b-instruct,colloquial,rare,1,0.5595567867036012,0.4605090027700831,0.6530470914127423,76.0
qwen2.5-7b-instruct,textbook,common,3,0.731326392032594,0.6683935038478949,0.7924683114531462,188.0
qwen2.5-7b-instruct,textbook,rare,3,0.625,0.25,1.0,8.0
qwen2.5-7b-instruct,patient,common,3,0.6387151310228233,0.6073884796522159,0.6704319526627218,910.0
qwen2.5-7b-instruct,patient,rare,3,0.6454293628808865,0.5103704986149585,0.7653047091412741,76.0
qwen2.5-7b-instruct,clinical_note,common,3,0.5603477840840478,0.5309369641347664,0.5867557058326288,910.0
qwen2.5-7b-instruct,clinical_note,rare,3,0.5505540166204986,0.4487534626038781,0.653064404432133,76.0
qwen2.5-7b-instruct,colloquial,common,3,0.5511846395362878,0.5214980074870186,0.580578311798092,910.0
qwen2.5-7b-instruct,colloquial,rare,3,0.5630193905817175,0.4431786703601107,0.6807479224376731,76.0
qwen2.5-7b-instruct,textbook,common,5,0.7122000905387053,0.6438603440470803,0.7754979628791308,188.0
qwen2.5-7b-instruct,textbook,rare,5,0.75,0.25,1.0,8.0
qwen2.5-7b-instruct,patient,common,5,0.6761550537374713,0.6472640985388237,0.7041178601618162,910.0
qwen2.5-7b-instruct,patient,rare,5,0.7167590027700831,0.6107860110803325,0.8186461218836564,76.0
qwen2.5-7b-instruct,clinical_note,common,5,0.5324912450187176,0.5053074507909673,0.562032483999517,910.0
qwen2.5-7b-instruct,clinical_note,rare,5,0.5373961218836565,0.4300207756232687,0.640599030470914,76.0
qwen2.5-7b-instruct,colloquial,common,5,0.5175027170631565,0.4880019321338002,0.5463093829247676,910.0
qwen2.5-7b-instruct,colloquial,rare,5,0.5872576177285319,0.4826177285318559,0.7077735457063711,76.0
qwen2.5-7b-instruct,textbook,common,7,0.7064282480760524,0.6331994114984156,0.7712765957446808,188.0
qwen2.5-7b-instruct,textbook,rare,7,0.6875,0.25,1.0,8.0
qwen2.5-7b-instruct,patient,common,7,0.6321507064364208,0.6073359497645212,0.6565807269653424,910.0
qwen2.5-7b-instruct,patient,rare,7,0.6295013850415512,0.5367036011080333,0.7271468144044321,76.0
qwen2.5-7b-instruct,clinical_note,common,7,0.5343026204564667,0.5090150947953146,0.560156865112909,910.0
qwen2.5-7b-instruct,clinical_note,rare,7,0.5076177285318559,0.4071675900277008,0.6060076177285317,76.0
qwen2.5-7b-instruct,colloquial,common,7,0.4747880690737833,0.4479915469146238,0.5018530370728173,910.0
qwen2.5-7b-instruct,colloquial,rare,7,0.5325484764542936,0.4369459833795013,0.6357340720221606,76.0
qwen2.5-7b-instruct,textbook,common,9,0.738229968311453,0.6721310547759166,0.7995982344952467,188.0
qwen2.5-7b-instruct,textbook,rare,9,0.5,0.1875,0.8125,8.0
qwen2.5-7b-instruct,patient,common,9,0.6105108078734452,0.5839142615626132,0.6352773819587006,910.0
qwen2.5-7b-instruct,patient,rare,9,0.5927977839335179,0.5145256232686981,0.67797783933518,76.0
qwen2.5-7b-instruct,clinical_note,common,9,0.5433933099867165,0.5194056273396932,0.5677925371331964,910.0
qwen2.5-7b-instruct,clinical_note,rare,9,0.5685595567867036,0.4660318559556786,0.6717797783933518,76.0
qwen2.5-7b-instruct,colloquial,common,9,0.5350609829730708,0.5059845429295978,0.5652346334983698,910.0
qwen2.5-7b-instruct,colloquial,rare,9,0.6308864265927978,0.5408414127423823,0.7340720221606648,76.0
qwen2.5-7b-instruct,textbook,common,11,0.7416251697600725,0.6784574468085106,0.8014033499320959,188.0
qwen2.5-7b-instruct,textbook,rare,11,0.5625,0.1875,0.8125,8.0
qwen2.5-7b-instruct,patient,common,11,0.6429996377249125,0.6173207342108441,0.6686647747856539,910.0
qwen2.5-7b-instruct,patient,rare,11,0.7056786703601108,0.6059383656509696,0.7977839335180056,76.0
qwen2.5-7b-instruct,clinical_note,common,11,0.5637435092380148,0.5384362999637724,0.5897080062794348,910.0
qwen2.5-7b-instruct,clinical_note,rare,11,0.5526315789473684,0.4528739612188365,0.6448060941828255,76.0
qwen2.5-7b-instruct,colloquial,common,11,0.5673855814515155,0.5414575534355754,0.5951779978263495,910.0
qwen2.5-7b-instruct,colloquial,rare,11,0.6260387811634349,0.5249134349030471,0.7292416897506926,76.0
qwen2.5-7b-instruct,textbook,common,13,0.7358533272974196,0.6669307378904482,0.7986702127659574,188.0
qwen2.5-7b-instruct,textbook,rare,13,0.5625,0.1875,0.8125,8.0
qwen2.5-7b-instruct,patient,common,13,0.6700591715976331,0.6432113271344041,0.6992333051563822,910.0
qwen2.5-7b-instruct,patient,rare,13,0.6918282548476453,0.576159972299169,0.7970914127423823,76.0
qwen2.5-7b-instruct,clinical_note,common,13,0.5897403695205893,0.5658913174737351,0.6168869701726843,910.0
qwen2.5-7b-instruct,clinical_note,rare,13,0.6225761772853184,0.5263157894736842,0.7264716066481993,76.0
qwen2.5-7b-instruct,colloquial,common,13,0.6003574447530491,0.5750382804009178,0.6279245260234273,910.0
qwen2.5-7b-instruct,colloquial,rare,13,0.6710526315789473,0.5678324099722992,0.7721952908587257,76.0
qwen2.5-7b-instruct,textbook,common,15,0.7576957899502037,0.6962341557265731,0.8128168854685377,188.0
qwen2.5-7b-instruct,textbook,rare,15,0.6875,0.25,1.0,8.0
qwen2.5-7b-instruct,patient,common,15,0.5895012679628064,0.5646811979229561,0.6172078251418912,910.0
qwen2.5-7b-instruct,patient,rare,15,0.6014542936288089,0.4971952908587257,0.7057306094182825,76.0
qwen2.5-7b-instruct,clinical_note,common,15,0.608399951696655,0.5827758724791691,0.6369477116290303,910.0
qwen2.5-7b-instruct,clinical_note,rare,15,0.6142659279778393,0.5214681440443213,0.7077562326869806,76.0
qwen2.5-7b-instruct,colloquial,common,15,0.5574737350561526,0.530020106267359,0.5867956768506218,910.0
qwen2.5-7b-instruct,colloquial,rare,15,0.5380886426592798,0.4293109418282548,0.6502770083102493,76.0
qwen2.5-7b-instruct,textbook,common,17,0.7900633770937077,0.7286045722046175,0.8475554549569941,188.0
qwen2.5-7b-instruct,textbook,rare,17,0.6875,0.6875,1.0,8.0
qwen2.5-7b-instruct,patient,common,17,0.6646733486293925,0.6382343316024636,0.6939969206617559,910.0
qwen2.5-7b-instruct,patient,rare,17,0.6890581717451523,0.5810076177285318,0.7881059556786704,76.0
qwen2.5-7b-instruct,clinical_note,common,17,0.6651370607414564,0.6389067745441371,0.6930687115082719,910.0
qwen2.5-7b-instruct,clinical_note,rare,17,0.7278393351800554,0.6335526315789474,0.8262465373961216,76.0
qwen2.5-7b-instruct,colloquial,common,17,0.6655041661635068,0.6343224248279193,0.6951335587489433,910.0
qwen2.5-7b-instruct,colloquial,rare,17,0.7548476454293628,0.6814404432132964,0.8351973684210527,76.0
qwen2.5-7b-instruct,textbook,common,19,0.7748981439565413,0.7145767315527388,0.8314848347668627,188.0
qwen2.5-7b-instruct,textbook,rare,19,0.875,0.75,1.0,8.0
qwen2.5-7b-instruct,patient,common,19,0.7181837942277502,0.6919585798816568,0.7462591474459606,910.0
qwen2.5-7b-instruct,patient,rare,19,0.7887811634349031,0.7035837950138505,0.8698234072022161,76.0
qwen2.5-7b-instruct,clinical_note,common,19,0.6793044318319044,0.6513267721289698,0.7071706315662359,910.0
qwen2.5-7b-instruct,clinical_note,rare,19,0.7970914127423823,0.7105263157894738,0.8781163434903047,76.0
qwen2.5-7b-instruct,colloquial,common,19,0.7284337640381597,0.69967274483758,0.7559878034053857,910.0
qwen2.5-7b-instruct,colloquial,rare,19,0.8109418282548476,0.7118940443213296,0.8933691135734072,76.0
qwen2.5-7b-instruct,textbook,common,21,0.7853100950656405,0.7220433454051607,0.8452071072883657,188.0
qwen2.5-7b-instruct,textbook,rare,21,0.8125,0.75,1.0,8.0
qwen2.5-7b-instruct,patient,common,21,0.7399686028257457,0.7151200338123415,0.7675366501630237,910.0
qwen2.5-7b-instruct,patient,rare,21,0.824792243767313,0.7423130193905817,0.9023545706371192,76.0
qwen2.5-7b-instruct,clinical_note,common,21,0.6881197922956166,0.661534838787586,0.7152916314454777,910.0
qwen2.5-7b-instruct,clinical_note,rare,21,0.7513850415512465,0.6530124653739613,0.8421225761772853,76.0
qwen2.5-7b-instruct,colloquial,common,21,0.7353749547156141,0.7058271947832387,0.7641225697379543,910.0
qwen2.5-7b-instruct,colloquial,rare,21,0.8109418282548476,0.7091239612188366,0.8981994459833795,76.0
qwen2.5-7b-instruct,textbook,common,23,0.7905160706201902,0.724309642372114,0.8501754187415119,188.0
qwen2.5-7b-instruct,textbook,rare,23,0.75,0.6875,1.0,8.0
qwen2.5-7b-instruct,patient,common,23,0.7401135128607657,0.7152911484120276,0.7667188745320614,910.0
qwen2.5-7b-instruct,patient,rare,23,0.8677285318559557,0.7956890581717452,0.9349030470914128,76.0
qwen2.5-7b-instruct,clinical_note,common,23,0.7084120275329067,0.6805768626977419,0.7349398623354667,910.0
qwen2.5-7b-instruct,clinical_note,rare,23,0.7721606648199446,0.6717278393351801,0.8573580332409972,76.0
qwen2.5-7b-instruct,colloquial,common,23,0.7332157951938173,0.7062677212896994,0.7615111701485328,910.0
qwen2.5-7b-instruct,colloquial,rare,23,0.8268698060941827,0.738209833795014,0.9092797783933518,76.0
qwen2.5-7b-instruct,textbook,common,25,0.767089180624717,0.7017739927569034,0.8269720461747397,188.0
qwen2.5-7b-instruct,textbook,rare,25,0.875,0.75,1.0,8.0
qwen2.5-7b-instruct,patient,common,25,0.7207825141891075,0.6948459123294288,0.7495577828764642,910.0
qwen2.5-7b-instruct,patient,rare,25,0.8213296398891967,0.7285145429362881,0.9065096952908588,76.0
qwen2.5-7b-instruct,clinical_note,common,25,0.711773940345369,0.6814705953387271,0.7403181982852313,910.0
qwen2.5-7b-instruct,clinical_note,rare,25,0.7963988919667591,0.7001211911357341,0.8746883656509695,76.0
qwen2.5-7b-instruct,colloquial,common,25,0.7131650766815602,0.6853409008573844,0.7417268445839874,910.0
qwen2.5-7b-instruct,colloquial,rare,25,0.775623268698061,0.6689577562326872,0.8726281163434902,76.0
qwen2.5-7b-instruct,textbook,common,27,0.778519692168402,0.7151256224535989,0.8349932095971028,188.0
qwen2.5-7b-instruct,textbook,rare,27,0.75,0.25,1.0,8.0
qwen2.5-7b-instruct,patient,common,27,0.7183238739282695,0.692352976693636,0.74530853761623,910.0
qwen2.5-7b-instruct,patient,rare,27,0.842797783933518,0.7624480609418283,0.9182998614958447,76.0
qwen2.5-7b-instruct,clinical_note,common,27,0.6958966308416858,0.6667730950368314,0.7261690617075233,910.0
qwen2.5-7b-instruct,clinical_note,rare,27,0.8074792243767313,0.7181094182825485,0.8836565096952909,76.0
qwen2.5-7b-instruct,colloquial,common,27,0.7084603308779133,0.6797226180412993,0.7376175582659098,910.0
qwen2.5-7b-instruct,colloquial,rare,27,0.7936288088642659,0.6994286703601108,0.8815962603878117,76.0
gemma-3-4b-it,textbook,common,1,0.7210276143051154,0.6619482797645994,0.7846395427795383,188.0
gemma-3-4b-it,textbook,rare,1,0.4375,0.1875,0.75,8.0
gemma-3-4b-it,patient,common,1,0.6707402487622267,0.6430036227508754,0.6959943243569617,910.0
gemma-3-4b-it,patient,rare,1,0.6883656509695292,0.585803324099723,0.7922610803324099,76.0
gemma-3-4b-it,clinical_note,common,1,0.5395048907136819,0.5110071247433885,0.5671350078492935,910.0
gemma-3-4b-it,clinical_note,rare,1,0.5858725761772854,0.489612188365651,0.6883656509695292,76.0
gemma-3-4b-it,colloquial,common,1,0.5963869097935033,0.5673848569013404,0.6247333655355634,910.0
gemma-3-4b-it,colloquial,rare,1,0.5734072022160666,0.4791897506925207,0.6731475069252076,76.0
gemma-3-4b-it,textbook,common,3,0.6779085559076505,0.61102025803531,0.7380517202354006,188.0
gemma-3-4b-it,textbook,rare,3,0.625,0.1875,1.0,8.0
gemma-3-4b-it,patient,common,3,0.6229247675401521,0.5994400434730105,0.6492618041299361,910.0
gemma-3-4b-it,patient,rare,3,0.5934903047091413,0.4695290858725762,0.7237015235457064,76.0
gemma-3-4b-it,clinical_note,common,3,0.5401328341987682,0.5184388358893853,0.5616587368675281,910.0
gemma-3-4b-it,clinical_note,rare,3,0.4799168975069252,0.3981821329639889,0.5574965373961219,76.0
gemma-3-4b-it,colloquial,common,3,0.6055065813307572,0.5801176790242725,0.6313414442700156,910.0
gemma-3-4b-it,colloquial,rare,3,0.6502770083102494,0.5456890581717452,0.7444598337950138,76.0
gemma-3-4b-it,textbook,common,5,0.6810774105930285,0.6151822091444091,0.7388014938886374,188.0
gemma-3-4b-it,textbook,rare,5,0.6875,0.1875,1.0,8.0
gemma-3-4b-it,patient,common,5,0.6719913053978989,0.6478581089240429,0.6972604757879484,910.0
gemma-3-4b-it,patient,rare,5,0.675207756232687,0.5768524930747922,0.7756752077562326,76.0
gemma-3-4b-it,clinical_note,common,5,0.5417509962564908,0.5218011109769352,0.5601771525178119,910.0
gemma-3-4b-it,clinical_note,rare,5,0.5048476454293629,0.4439058171745152,0.5775796398891967,76.0
gemma-3-4b-it,colloquial,common,5,0.5884748218814152,0.5632052892162782,0.6139655838666828,910.0
gemma-3-4b-it,colloquial,rare,5,0.5962603878116344,0.4771295013850415,0.7050207756232686,76.0
gemma-3-4b-it,textbook,common,7,0.7381167949298325,0.674380375735627,0.7970801267541874,188.0
gemma-3-4b-it,textbook,rare,7,0.5625,0.25,0.8125,8.0
gemma-3-4b-it,patient,common,7,0.656720202874049,0.6344932979108803,0.6793748339572516,910.0
gemma-3-4b-it,patient,rare,7,0.6509695290858726,0.5720048476454295,0.7403047091412742,76.0
gemma-3-4b-it,clinical_note,common,7,0.5307378335949764,0.510473372781065,0.5508901098901099,910.0
gemma-3-4b-it,clinical_note,rare,7,0.5699445983379502,0.5041551246537397,0.6405817174515236,76.0
gemma-3-4b-it,colloquial,common,7,0.5882188141528801,0.5634605120154571,0.6156170148532786,910.0
gemma-3-4b-it,colloquial,rare,7,0.6668975069252077,0.5677977839335179,0.7742382271468143,76.0
gemma-3-4b-it,textbook,common,9,0.7030330466274333,0.6298070393843368,0.765428361249434,188.0
gemma-3-4b-it,textbook,rare,9,0.625,0.4375,0.8125,8.0
gemma-3-4b-it,patient,common,9,0.6499939620818742,0.6283766453326893,0.6715762589059293,910.0
gemma-3-4b-it,patient,rare,9,0.6516620498614959,0.5678324099722992,0.7403047091412742,76.0
gemma-3-4b-it,clinical_note,common,9,0.5367129573722981,0.5154779615988407,0.5571194300205289,910.0
gemma-3-4b-it,clinical_note,rare,9,0.5637119113573408,0.495775623268698,0.6281336565096953,76.0
gemma-3-4b-it,colloquial,common,9,0.5623088998913175,0.540588576258906,0.5865496920661756,910.0
gemma-3-4b-it,colloquial,rare,9,0.6052631578947368,0.5290858725761773,0.68422783933518,76.0
gemma-3-4b-it,textbook,common,11,0.7188773200543233,0.6509676324128566,0.7785196921684019,188.0
gemma-3-4b-it,textbook,rare,11,0.6875,0.25,1.0,8.0
gemma-3-4b-it,patient,common,11,0.7149619611158072,0.6909526023427123,0.7373272551624199,910.0
gemma-3-4b-it,patient,rare,11,0.731994459833795,0.6440096952908587,0.8164819944598337,76.0
gemma-3-4b-it,clinical_note,common,11,0.5518125830213743,0.5286605482429658,0.573381717183915,910.0
gemma-3-4b-it,clinical_note,rare,11,0.5734072022160664,0.4791897506925207,0.6558171745152355,76.0
gemma-3-4b-it,colloquial,common,11,0.6098925250573602,0.5833322062552833,0.6366987078855211,910.0
gemma-3-4b-it,colloquial,rare,11,0.6752077562326871,0.5872403047091412,0.7590547091412743,76.0
gemma-3-4b-it,textbook,common,13,0.7255545495699413,0.6585502489814395,0.7869114984155726,188.0
gemma-3-4b-it,textbook,rare,13,0.625,0.25,1.0,8.0
gemma-3-4b-it,patient,common,13,0.7107064364207222,0.6853952421205167,0.7334687839632895,910.0
gemma-3-4b-it,patient,rare,13,0.6842105263157894,0.6017832409972299,0.7666204986149584,76.0
gemma-3-4b-it,clinical_note,common,13,0.525178118584712,0.5045257819103972,0.5477159763313609,910.0
gemma-3-4b-it,clinical_note,rare,13,0.5505540166204985,0.4681440443213296,0.6247229916897507,76.0
gemma-3-4b-it,colloquial,common,13,0.6292766574085257,0.6035517449583383,0.6531651974399227,910.0
gemma-3-4b-it,colloquial,rare,13,0.6662049861495845,0.5671398891966759,0.7625,76.0
gemma-3-4b-it,textbook,common,15,0.7073336351290177,0.642357967406066,0.7674315301041196,188.0
gemma-3-4b-it,textbook,rare,15,0.8125,0.75,1.0,8.0
gemma-3-4b-it,patient,common,15,0.6857384373867891,0.661741214829127,0.7112353580485449,910.0
gemma-3-4b-it,patient,rare,15,0.6703601108033241,0.5740477839335181,0.7680055401662049,76.0
gemma-3-4b-it,clinical_note,common,15,0.5769303224248279,0.5527920540997464,0.5991813790605,910.0
gemma-3-4b-it,clinical_note,rare,15,0.5955678670360111,0.4972299168975069,0.6897506925207756,76.0
gemma-3-4b-it,colloquial,common,15,0.591411665257819,0.5635291631445478,0.6185318198285231,910.0
gemma-3-4b-it,colloquial,rare,15,0.6412742382271469,0.5241516620498615,0.7576350415512466,76.0
gemma-3-4b-it,textbook,common,17,0.7189904934359438,0.6526680624717066,0.7790883884110458,188.0
gemma-3-4b-it,textbook,rare,17,0.875,0.75,1.0,8.0
gemma-3-4b-it,patient,common,17,0.6744064726482308,0.6484582779857504,0.700538582296824,910.0
gemma-3-4b-it,patient,rare,17,0.7042936288088643,0.6094182825484765,0.7998961218836564,76.0
gemma-3-4b-it,clinical_note,common,17,0.6637217727327617,0.6396124864146843,0.6904271223282212,910.0
gemma-3-4b-it,clinical_note,rare,17,0.6745152354570636,0.5893178670360111,0.7694078947368421,76.0
gemma-3-4b-it,colloquial,common,17,0.6714647989373265,0.6424433039487984,0.6992637362637363,910.0
gemma-3-4b-it,colloquial,rare,17,0.6952908587257618,0.5927804709141276,0.8054362880886425,76.0
gemma-3-4b-it,textbook,common,19,0.7309868718877319,0.6577297419646899,0.7921061566319602,188.0
gemma-3-4b-it,textbook,rare,19,0.75,0.6875,1.0,8.0
gemma-3-4b-it,patient,common,19,0.7024320734210845,0.6774683009298395,0.7279176427967636,910.0
gemma-3-4b-it,patient,rare,19,0.7029085872576177,0.6204813019390581,0.7985630193905817,76.0
gemma-3-4b-it,clinical_note,common,19,0.62320009660669,0.5963995894215675,0.6499827315541602,910.0
gemma-3-4b-it,clinical_note,rare,19,0.5969529085872576,0.49851108033241,0.7008829639889196,76.0
gemma-3-4b-it,colloquial,common,19,0.6706533027412149,0.6431607293805096,0.6997354184277261,910.0
gemma-3-4b-it,colloquial,rare,19,0.6925207756232686,0.5900103878116344,0.7930747922437672,76.0
gemma-3-4b-it,textbook,common,21,0.7049569941149842,0.6294448845631507,0.7735457220461747,188.0
gemma-3-4b-it,textbook,rare,21,0.8125,0.75,1.0,8.0
gemma-3-4b-it,patient,common,21,0.6955874894336433,0.6690386426760053,0.7215973916193696,910.0
gemma-3-4b-it,patient,rare,21,0.7527700831024932,0.6682652354570637,0.8393351800554016,76.0
gemma-3-4b-it,clinical_note,common,21,0.6375027170631568,0.6136441251056636,0.6624818258664412,910.0
gemma-3-4b-it,clinical_note,rare,21,0.6191135734072022,0.528393351800554,0.7133137119113574,76.0
gemma-3-4b-it,colloquial,common,21,0.6396618765849534,0.6127410940707645,0.6655425673227872,910.0
gemma-3-4b-it,colloquial,rare,21,0.7555401662049861,0.6675380886426593,0.8462603878116344,76.0
gemma-3-4b-it,textbook,common,23,0.7424173834314168,0.6731552738795835,0.8060462879130829,188.0
gemma-3-4b-it,textbook,rare,23,0.8125,0.75,1.0,8.0
gemma-3-4b-it,patient,common,23,0.6631083202511775,0.6370823572032364,0.6919721048182587,910.0
gemma-3-4b-it,patient,rare,23,0.6897506925207756,0.6045360110803324,0.7784106648199446,76.0
gemma-3-4b-it,clinical_note,common,23,0.6167322787103007,0.5891007124743389,0.6451784808597997,910.0
gemma-3-4b-it,clinical_note,rare,23,0.6502770083102493,0.5498268698060942,0.7493247922437672,76.0
gemma-3-4b-it,colloquial,common,23,0.6294263977780461,0.602646540272914,0.6550324839995169,910.0
gemma-3-4b-it,colloquial,rare,23,0.7271468144044322,0.6419667590027701,0.8185768698060942,76.0
gemma-3-4b-it,textbook,common,25,0.7641466727025803,0.7032565640561339,0.8252659574468084,188.0
gemma-3-4b-it,textbook,rare,25,0.75,0.25,1.0,8.0
gemma-3-4b-it,patient,common,25,0.6843183190435937,0.6591182224369037,0.7124273638449461,910.0
gemma-3-4b-it,patient,rare,25,0.7513850415512465,0.6620152354570638,0.8435076177285319,76.0
gemma-3-4b-it,clinical_note,common,25,0.5834947470112305,0.5558146359135371,0.6119513343799058,910.0
gemma-3-4b-it,clinical_note,rare,25,0.6267313019390581,0.5221260387811635,0.7320117728531856,76.0
gemma-3-4b-it,colloquial,common,25,0.6282236444873808,0.6000719719840599,0.6544393189228354,910.0
gemma-3-4b-it,colloquial,rare,25,0.7409972299168974,0.6495671745152355,0.8372576177285319,76.0
llama-3-8b-instruct,textbook,common,1,0.7129923042100498,0.6445110909913989,0.7758148483476687,188.0
llama-3-8b-instruct,textbook,rare,1,0.5625,0.25,0.8125,8.0
llama-3-8b-instruct,patient,common,1,0.682589059292356,0.6556443666223887,0.7117715251781186,910.0
llama-3-8b-instruct,patient,rare,1,0.6994459833795014,0.5823753462603878,0.8040685595567867,76.0
llama-3-8b-instruct,clinical_note,common,1,0.4372708610071247,0.4078297307088516,0.4678133075715493,910.0
llama-3-8b-instruct,clinical_note,rare,1,0.3303324099722992,0.2084314404432133,0.4501558171745152,76.0
llama-3-8b-instruct,colloquial,common,1,0.662494867769593,0.6345406351889868,0.6899186088636637,910.0
llama-3-8b-instruct,colloquial,rare,1,0.7167590027700831,0.6191135734072022,0.8095914127423823,76.0
llama-3-8b-instruct,textbook,common,3,0.7060887279311906,0.6365946129470349,0.7675588501584427,188.0
llama-3-8b-instruct,textbook,rare,3,0.625,0.25,1.0,8.0
llama-3-8b-instruct,patient,common,3,0.6944571911604878,0.668069436058447,0.7201758241758243,910.0
llama-3-8b-instruct,patient,rare,3,0.7465373961218836,0.6440096952908587,0.8317347645429363,76.0
llama-3-8b-instruct,clinical_note,common,3,0.564632290786137,0.5416345851950247,0.5874538099263373,910.0
llama-3-8b-instruct,clinical_note,rare,3,0.5824099722991689,0.5103704986149584,0.659314404432133,76.0
llama-3-8b-instruct,colloquial,common,3,0.6173457311918851,0.587542325806062,0.6461645936481102,910.0
llama-3-8b-instruct,colloquial,rare,3,0.6682825484764543,0.5657894736842105,0.7555747922437673,76.0
llama-3-8b-instruct,textbook,common,5,0.7378904481665912,0.6808171118153009,0.7944856269805342,188.0
llama-3-8b-instruct,textbook,rare,5,0.5,0.1875,0.8125,8.0
llama-3-8b-instruct,patient,common,5,0.6291269170390049,0.6038107716459364,0.6547121120637603,910.0
llama-3-8b-instruct,patient,rare,5,0.6163434903047091,0.507531163434903,0.7230090027700832,76.0
llama-3-8b-instruct,clinical_note,common,5,0.5061852433281004,0.4819166767298635,0.5310404540514431,910.0
llama-3-8b-instruct,clinical_note,rare,5,0.5034626038781164,0.4307132963988919,0.5782721606648199,76.0
llama-3-8b-instruct,colloquial,common,5,0.5782634947470111,0.5526133317232219,0.6063294288129454,910.0
llama-3-8b-instruct,colloquial,rare,5,0.6398891966759004,0.5533240997229917,0.727856648199446,76.0
llama-3-8b-instruct,textbook,common,7,0.7311000452693527,0.6678191489361702,0.7895031688546852,188.0
llama-3-8b-instruct,textbook,rare,7,0.6875,0.25,1.0,8.0
llama-3-8b-instruct,patient,common,7,0.6643786982248521,0.6387366863905325,0.6904105784325565,910.0
llama-3-8b-instruct,patient,rare,7,0.6814404432132964,0.5879328254847646,0.7787396121883656,76.0
llama-3-8b-instruct,clinical_note,common,7,0.5298297307088516,0.5075513826832508,0.5502215915952179,910.0
llama-3-8b-instruct,clinical_note,rare,7,0.5671745152354571,0.4771468144044322,0.6669494459833795,76.0
llama-3-8b-instruct,colloquial,common,7,0.6243497162178482,0.5985271706315662,0.6490391257094554,910.0
llama-3-8b-instruct,colloquial,rare,7,0.6873268698060941,0.5934903047091413,0.7846346952908586,76.0
llama-3-8b-instruct,textbook,common,9,0.6891127206880943,0.626403349932096,0.7503451788139428,188.0
llama-3-8b-instruct,textbook,rare,9,0.875,0.75,1.0,8.0
llama-3-8b-instruct,patient,common,9,0.6665281970776477,0.6439753652940466,0.6902000362275088,910.0
llama-3-8b-instruct,patient,rare,9,0.6748614958448753,0.6004068559556787,0.7586738227146814,76.0
llama-3-8b-instruct,clinical_note,common,9,0.5916821639898563,0.5704332810047096,0.6152277502717064,910.0
llama-3-8b-instruct,clinical_note,rare,9,0.5706371191135734,0.5020602493074793,0.6509868421052631,76.0
llama-3-8b-instruct,colloquial,common,9,0.6527110252384977,0.6274532665137061,0.6793721168940948,910.0
llama-3-8b-instruct,colloquial,rare,9,0.6945983379501386,0.5948753462603878,0.7908587257617729,76.0
llama-3-8b-instruct,textbook,common,11,0.7469443186962426,0.6878593254866455,0.802747283838841,188.0
llama-3-8b-instruct,textbook,rare,11,0.9375,0.4375,1.0,8.0
llama-3-8b-instruct,patient,common,11,0.6714599686028258,0.6472236444873807,0.6955835044076804,910.0
llama-3-8b-instruct,patient,rare,11,0.7222991689750692,0.6342970914127424,0.810266620498615,76.0
llama-3-8b-instruct,clinical_note,common,11,0.62719961357324,0.5997967636758845,0.6546772128969932,910.0
llama-3-8b-instruct,clinical_note,rare,11,0.6045706371191136,0.5249134349030471,0.6897680055401662,76.0
llama-3-8b-instruct,colloquial,common,11,0.6594445115324237,0.6357464074387151,0.6855392464678178,910.0
llama-3-8b-instruct,colloquial,rare,11,0.7576177285318559,0.6835006925207757,0.8331371191135735,76.0
llama-3-8b-instruct,textbook,common,13,0.7488682661837935,0.6906914893617021,0.8047787460389316,188.0
llama-3-8b-instruct,textbook,rare,13,0.9375,0.75,1.0,8.0
llama-3-8b-instruct,patient,common,13,0.712756913416254,0.6908369158314214,0.7359993358290061,910.0
llama-3-8b-instruct,patient,rare,13,0.7032548476454293,0.6260041551246538,0.7882271468144043,76.0
llama-3-8b-instruct,clinical_note,common,13,0.7148170510807872,0.6883360705228837,0.7416894094916073,910.0
llama-3-8b-instruct,clinical_note,rare,13,0.7209141274238227,0.6315616343490305,0.8116516620498615,76.0
llama-3-8b-instruct,colloquial,common,13,0.6714261562613211,0.6458629392585437,0.6984242241275208,910.0
llama-3-8b-instruct,colloquial,rare,13,0.832409972299169,0.7534452908587259,0.9155124653739612,76.0
llama-3-8b-instruct,textbook,common,15,0.7875735626980533,0.7221395427795382,0.8456315074694432,188.0
llama-3-8b-instruct,textbook,rare,15,0.9375,0.8125,1.0,8.0
llama-3-8b-instruct,patient,common,15,0.7456925492090327,0.7226204564666103,0.770014249486777,910.0
llama-3-8b-instruct,patient,rare,15,0.7562326869806094,0.6668801939058171,0.8518178670360111,76.0
llama-3-8b-instruct,clinical_note,common,15,0.7387513585315784,0.7141875377369883,0.7624492211085617,910.0
llama-3-8b-instruct,clinical_note,rare,15,0.801939058171745,0.7271468144044321,0.8829813019390582,76.0
llama-3-8b-instruct,colloquial,common,15,0.6875787948315422,0.6621794469266997,0.7151790846516121,910.0
llama-3-8b-instruct,colloquial,rare,15,0.7396121883656509,0.6488746537396122,0.8303670360110803,76.0
llama-3-8b-instruct,textbook,common,17,0.7719556360344048,0.7109551833408783,0.8248104345857854,188.0
llama-3-8b-instruct,textbook,rare,17,0.8125,0.75,1.0,8.0
llama-3-8b-instruct,patient,common,17,0.7746310832025117,0.7519178843134887,0.798788189832146,910.0
llama-3-8b-instruct,patient,rare,17,0.7590027700831026,0.6772680055401662,0.8448926592797783,76.0
llama-3-8b-instruct,clinical_note,common,17,0.7279024272430866,0.7028419273034658,0.7512121724429416,910.0
llama-3-8b-instruct,clinical_note,rare,17,0.8088642659279779,0.7313019390581718,0.8850415512465374,76.0
llama-3-8b-instruct,colloquial,common,17,0.7207970051926095,0.6946740731795678,0.7465283178360103,910.0
llama-3-8b-instruct,colloquial,rare,17,0.7534626038781164,0.6585353185595568,0.8372749307479224,76.0
llama-3-8b-instruct,textbook,common,19,0.7685604345857854,0.700427229515618,0.8265334993209597,188.0
llama-3-8b-instruct,textbook,rare,19,0.875,0.75,1.0,8.0
llama-3-8b-instruct,patient,common,19,0.7729211447892768,0.7491836734693876,0.7994073179567686,910.0
llama-3-8b-instruct,patient,rare,19,0.796398891966759,0.7146814404432134,0.877441135734072,76.0
llama-3-8b-instruct,clinical_note,common,19,0.7122521434609346,0.688373988648714,0.7366400193213379,910.0
llama-3-8b-instruct,clinical_note,rare,19,0.8123268698060941,0.7340373961218837,0.8919840720221607,76.0
llama-3-8b-instruct,colloquial,common,19,0.7397222557662118,0.7128422895785532,0.7658217606569256,910.0
llama-3-8b-instruct,colloquial,rare,19,0.8240997229916898,0.7375,0.9002943213296399,76.0
llama-3-8b-instruct,textbook,common,21,0.7632412856496151,0.6890731100045269,0.8227818017202354,188.0
llama-3-8b-instruct,textbook,rare,21,0.9375,0.8125,1.0,8.0
llama-3-8b-instruct,patient,common,21,0.7780074870184761,0.7543423499577346,0.8056811979229562,910.0
llama-3-8b-instruct,patient,rare,21,0.8227146814404432,0.7457929362880886,0.8961391966759003,76.0
llama-3-8b-instruct,clinical_note,common,21,0.6798405989614781,0.6551002294408887,0.7051527593285836,910.0
llama-3-8b-instruct,clinical_note,rare,21,0.7437673130193906,0.6523545706371191,0.8400450138504155,76.0
llama-3-8b-instruct,colloquial,common,21,0.7206231131505857,0.691192609588214,0.7490062794348509,910.0
llama-3-8b-instruct,colloquial,rare,21,0.8144044321329641,0.7181440443213296,0.8940616343490305,76.0
llama-3-8b-instruct,textbook,common,23,0.7894975101856043,0.7250905387052965,0.8436028746038932,188.0
llama-3-8b-instruct,textbook,rare,23,0.875,0.75,1.0,8.0
llama-3-8b-instruct,patient,common,23,0.7859678782755706,0.7615100833232701,0.812392947711629,910.0
llama-3-8b-instruct,patient,rare,23,0.8102493074792243,0.739612188365651,0.8878116343490304,76.0
llama-3-8b-instruct,clinical_note,common,23,0.6680594131143582,0.6429843014128729,0.693724187900012,910.0
llama-3-8b-instruct,clinical_note,rare,23,0.7451523545706371,0.6606475069252078,0.8331198060941829,76.0
llama-3-8b-instruct,colloquial,common,23,0.7147832387392827,0.6870815118946986,0.7422986354305036,910.0
llama-3-8b-instruct,colloquial,rare,23,0.806786703601108,0.718126731301939,0.8864265927977839,76.0
llama-3-8b-instruct,textbook,common,25,0.7930058850158442,0.729034631054776,0.8489135355364419,188.0
llama-3-8b-instruct,textbook,rare,25,0.875,0.75,1.0,8.0
llama-3-8b-instruct,patient,common,25,0.7653181982852313,0.7406254075594735,0.7912050476995532,910.0
llama-3-8b-instruct,patient,rare,25,0.7804709141274239,0.7042763157894738,0.8594702216066481,76.0
llama-3-8b-instruct,clinical_note,common,25,0.6866706919454172,0.660493901702693,0.713427967636759,910.0
llama-3-8b-instruct,clinical_note,rare,25,0.7659279778393352,0.6799861495844874,0.8518005540166205,76.0
llama-3-8b-instruct,colloquial,common,25,0.7188697017268446,0.6919204202391016,0.746182103610675,910.0
llama-3-8b-instruct,colloquial,rare,25,0.7998614958448753,0.7215893351800555,0.873961218836565,76.0
llama-3-8b-instruct,textbook,common,27,0.7761430511543684,0.7100469669533725,0.8312669760072431,188.0
llama-3-8b-instruct,textbook,rare,27,0.75,0.6875,1.0,8.0
llama-3-8b-instruct,patient,common,27,0.7649993962081874,0.7401263132471925,0.7916606690013284,910.0
llama-3-8b-instruct,patient,rare,27,0.7873961218836565,0.7056440443213297,0.8691481994459833,76.0
llama-3-8b-instruct,clinical_note,common,27,0.7123197681439439,0.6868651129090692,0.7387915710662962,910.0
llama-3-8b-instruct,clinical_note,rare,27,0.7950138504155124,0.7112015235457063,0.8753635734072022,76.0
llama-3-8b-instruct,colloquial,common,27,0.7270426277019684,0.6986520951575896,0.7555815722738799,910.0
llama-3-8b-instruct,colloquial,rare,27,0.8421052631578947,0.7638331024930749,0.919702216066482,76.0
llama-3-8b-instruct,textbook,common,29,0.7957220461747396,0.73415572657311,0.8498217519239475,188.0
llama-3-8b-instruct,textbook,rare,29,0.6875,0.25,1.0,8.0
llama-3-8b-instruct,patient,common,29,0.7597995411182225,0.733678360101437,0.7855601376645334,910.0
llama-3-8b-instruct,patient,rare,29,0.768005540166205,0.6779605263157895,0.8573407202216066,76.0
llama-3-8b-instruct,clinical_note,common,29,0.7259171597633136,0.7025909914261563,0.7525301292114479,910.0
llama-3-8b-instruct,clinical_note,rare,29,0.7832409972299169,0.7049688365650969,0.8649757617728532,76.0
llama-3-8b-instruct,colloquial,common,29,0.7161115807269653,0.688367226180413,0.7445831421325927,910.0
llama-3-8b-instruct,colloquial,rare,29,0.8109418282548476,0.7312846260387812,0.8919667590027701,76.0
llama-3-8b-instruct,textbook,common,31,0.7927795382526029,0.7307520371208692,0.8415770710728837,188.0
llama-3-8b-instruct,textbook,rare,31,0.6875,0.25,1.0,8.0
llama-3-8b-instruct,patient,common,31,0.756626011351286,0.7319116652578193,0.7840233063639658,910.0
llama-3-8b-instruct,patient,rare,31,0.7749307479224377,0.6939058171745153,0.8538954293628808,76.0
llama-3-8b-instruct,clinical_note,common,31,0.7320227025721531,0.7084553797850502,0.757509358773095,910.0
llama-3-8b-instruct,clinical_note,rare,31,0.8524930747922437,0.772143351800554,0.922437673130194,76.0
llama-3-8b-instruct,colloquial,common,31,0.7152759328583504,0.6871422533510446,0.7429786257698346,910.0
llama-3-8b-instruct,colloquial,rare,31,0.8144044321329639,0.7271121883656511,0.8961218836565096,76.0
