model,layer,register,auroc_heldout,mlp_auroc_heldout,diffmeans_auroc_heldout,mixedtrain_auroc_heldout,auroc_allfacts,n_heldout
gemma-2-2b-it,1,textbook,0.6950000000000001,0.7275,0.6379,0.7019,0.944692,200
gemma-2-2b-it,1,patient,0.6279,0.6980999999999999,0.6148000000000001,0.695,0.6686679999999999,200
gemma-2-2b-it,1,clinical_note,0.524,0.5536,0.5248,0.5616,0.562832,200
gemma-2-2b-it,1,colloquial,0.5521,0.6910000000000001,0.6272,0.6216000000000002,0.593116,200
gemma-2-2b-it,3,textbook,0.7334,0.7179,0.6446000000000001,0.6809000000000001,0.94384,200
gemma-2-2b-it,3,patient,0.5943000000000002,0.6352000000000001,0.6245,0.6615000000000001,0.6311279999999999,200
gemma-2-2b-it,3,clinical_note,0.5247,0.5347000000000001,0.5204,0.5639,0.5500479999999999,200
gemma-2-2b-it,3,colloquial,0.5503,0.6404000000000001,0.6108,0.6419,0.56096,200
gemma-2-2b-it,5,textbook,0.685,0.7416,0.6476999999999999,0.7233999999999999,0.93794,200
gemma-2-2b-it,5,patient,0.6244999999999999,0.7032,0.6203000000000001,0.7062999999999999,0.639716,200
gemma-2-2b-it,5,clinical_note,0.4935999999999999,0.5678000000000001,0.5344,0.5753999999999999,0.5291600000000001,200
gemma-2-2b-it,5,colloquial,0.5539999999999999,0.6751000000000001,0.5938,0.6635,0.575924,200
gemma-2-2b-it,7,textbook,0.6849000000000001,0.7260000000000001,0.6675,0.6855000000000001,0.934728,200
gemma-2-2b-it,7,patient,0.6311,0.7255999999999999,0.6693,0.7278,0.636852,200
gemma-2-2b-it,7,clinical_note,0.4858,0.5781000000000001,0.5389999999999999,0.5647,0.543552,200
gemma-2-2b-it,7,colloquial,0.5804,0.6189,0.6318999999999999,0.6690999999999999,0.589656,200
gemma-2-2b-it,9,textbook,0.7041,0.7558,0.7293000000000001,0.6911,0.928964,200
gemma-2-2b-it,9,patient,0.6645,0.7524500000000001,0.7263,0.7612,0.695504,200
gemma-2-2b-it,9,clinical_note,0.5015,0.6191,0.576,0.5813,0.53318,200
gemma-2-2b-it,9,colloquial,0.6025,0.6873,0.672,0.7088,0.637416,200
gemma-2-2b-it,11,textbook,0.6935,0.7694,0.7485,0.7155,0.929812,200
gemma-2-2b-it,11,patient,0.6124,0.7444,0.7551,0.7444999999999999,0.663408,200
gemma-2-2b-it,11,clinical_note,0.5373,0.5858000000000001,0.5879,0.5853999999999999,0.567896,200
gemma-2-2b-it,11,colloquial,0.5966,0.6345000000000001,0.6603000000000001,0.6788,0.612628,200
gemma-2-2b-it,13,textbook,0.7095,0.7761,0.7444000000000002,0.7137,0.944108,200
gemma-2-2b-it,13,patient,0.6910000000000001,0.7686,0.7593000000000002,0.7724,0.7214640000000001,200
gemma-2-2b-it,13,clinical_note,0.567,0.6619000000000002,0.6429,0.6106,0.610856,200
gemma-2-2b-it,13,colloquial,0.6607000000000001,0.6627000000000001,0.6517999999999999,0.6486000000000001,0.670572,200
gemma-2-2b-it,15,textbook,0.7225,0.7570000000000001,0.7464000000000001,0.7222999999999999,0.945408,200
gemma-2-2b-it,15,patient,0.7142999999999999,0.7432000000000001,0.7415,0.747,0.7388920000000001,200
gemma-2-2b-it,15,clinical_note,0.5973,0.6751000000000001,0.6796,0.5857,0.651896,200
gemma-2-2b-it,15,colloquial,0.6377999999999999,0.6703,0.6398,0.6419,0.679236,200
gemma-2-2b-it,17,textbook,0.7139,0.7742,0.7172,0.6870999999999999,0.9455,200
gemma-2-2b-it,17,patient,0.7395999999999999,0.7891999999999999,0.6889,0.7089000000000001,0.752892,200
gemma-2-2b-it,17,clinical_note,0.6075,0.6415999999999998,0.6619999999999999,0.584,0.669468,200
gemma-2-2b-it,17,colloquial,0.6489000000000001,0.6893,0.6086,0.6315000000000001,0.7173720000000001,200
gemma-3-4b-it,1,textbook,0.7171000000000001,0.7228,0.5917000000000001,0.70345,0.952324,200
gemma-3-4b-it,1,patient,0.5995999999999999,0.7153999999999999,0.5899,0.6303,0.66756,200
gemma-3-4b-it,1,clinical_note,0.5034000000000001,0.5363,0.5376000000000001,0.6054999999999999,0.540172,200
gemma-3-4b-it,1,colloquial,0.5537000000000001,0.5959000000000001,0.6020999999999999,0.6336999999999999,0.570656,200
gemma-3-4b-it,3,textbook,0.6548,0.7092999999999999,0.6336999999999999,0.6748999999999998,0.9244,200
gemma-3-4b-it,3,patient,0.6235,0.6795,0.6303,0.7103999999999999,0.618464,200
gemma-3-4b-it,3,clinical_note,0.4873,0.5154000000000001,0.5430999999999999,0.5816,0.536996,200
gemma-3-4b-it,3,colloquial,0.6257,0.6245,0.613,0.6622000000000001,0.592714,200
gemma-3-4b-it,5,textbook,0.6682,0.7277,0.5873,0.6746000000000001,0.922752,200
gemma-3-4b-it,5,patient,0.6243,0.6867000000000001,0.5692,0.7040000000000001,0.670432,200
gemma-3-4b-it,5,clinical_note,0.4653,0.5873999999999999,0.5092,0.5636,0.529732,200
gemma-3-4b-it,5,colloquial,0.5324,0.6505,0.5665,0.6631,0.555088,200
gemma-3-4b-it,7,textbook,0.7495999999999999,0.7252000000000001,0.6232,0.6964999999999999,0.945268,200
gemma-3-4b-it,7,patient,0.67275,0.68845,0.5619,0.6927,0.680048,200
gemma-3-4b-it,7,clinical_note,0.5082,0.5469999999999999,0.4979,0.5626,0.561588,200
gemma-3-4b-it,7,colloquial,0.59325,0.66025,0.5357000000000001,0.655,0.606084,200
gemma-3-4b-it,9,textbook,0.7241,0.7744,0.565,0.7134,0.942704,200
gemma-3-4b-it,9,patient,0.6122,0.6928000000000001,0.4936,0.7015,0.6565439999999999,200
gemma-3-4b-it,9,clinical_note,0.485,0.5246999999999999,0.5268999999999999,0.5616,0.529328,200
gemma-3-4b-it,9,colloquial,0.5312,0.6376,0.5208,0.6255,0.569052,200
gemma-3-4b-it,11,textbook,0.7212999999999999,0.7613,0.6867000000000001,0.7218,0.943908,200
gemma-3-4b-it,11,patient,0.6489,0.7318,0.5144,0.7186,0.6672480000000001,200
gemma-3-4b-it,11,clinical_note,0.5183,0.5572000000000001,0.5415000000000001,0.5993999999999999,0.557416,200
gemma-3-4b-it,11,colloquial,0.548,0.6671999999999999,0.5284,0.6444000000000001,0.558848,200
gemma-3-4b-it,13,textbook,0.7143999999999999,0.7437,0.6238999999999999,0.7435999999999999,0.940244,200
gemma-3-4b-it,13,patient,0.7353000000000001,0.7056,0.5876,0.7361000000000001,0.7294399999999999,200
gemma-3-4b-it,13,clinical_note,0.4861,0.555,0.5250999999999999,0.6097,0.531448,200
gemma-3-4b-it,13,colloquial,0.5735,0.6376999999999999,0.5831999999999999,0.6726999999999999,0.6237039999999999,200
gemma-3-4b-it,15,textbook,0.7269000000000001,0.7529,0.6471,0.7498,0.938768,200
gemma-3-4b-it,15,patient,0.7022999999999999,0.7547,0.5672,0.7538,0.6889319999999999,200
gemma-3-4b-it,15,clinical_note,0.5206999999999999,0.6042000000000001,0.5631,0.647,0.572692,200
gemma-3-4b-it,15,colloquial,0.5693,0.6706000000000001,0.5366,0.6939,0.576184,200
gemma-3-4b-it,17,textbook,0.7255,0.7826,0.7477,0.7427,0.949064,200
gemma-3-4b-it,17,patient,0.6796,0.7537,0.6979,0.7259,0.6965399999999999,200
gemma-3-4b-it,17,clinical_note,0.6136000000000001,0.6678,0.6696,0.6414,0.66424,200
gemma-3-4b-it,17,colloquial,0.7008000000000001,0.6986000000000001,0.6375000000000001,0.7176,0.6742680000000001,200
gemma-3-4b-it,19,textbook,0.7332000000000001,0.7709,0.7433,0.7312,0.95708,200
gemma-3-4b-it,19,patient,0.711,0.7111,0.6895,0.7311,0.703848,200
gemma-3-4b-it,19,clinical_note,0.5624000000000001,0.6229000000000001,0.6602999999999999,0.6248999999999999,0.6463119999999999,200
gemma-3-4b-it,19,colloquial,0.6862,0.651,0.6391,0.7016,0.6614040000000001,200
gemma-3-4b-it,21,textbook,0.7218,0.7763,0.7333,0.7531000000000001,0.95014,200
gemma-3-4b-it,21,patient,0.7075,0.7309,0.6728,0.7152000000000001,0.7094720000000001,200
gemma-3-4b-it,21,clinical_note,0.6117,0.6576,0.647,0.5996999999999999,0.6573000000000001,200
gemma-3-4b-it,21,colloquial,0.6234,0.6702,0.6355000000000001,0.6716,0.6355999999999999,200
gemma-3-4b-it,23,textbook,0.7488,0.7593,0.7134,0.7527,0.95366,200
gemma-3-4b-it,23,patient,0.6812,0.6871,0.6568,0.7142000000000001,0.6795840000000001,200
gemma-3-4b-it,23,clinical_note,0.6091,0.5514,0.6366,0.6642999999999999,0.6674720000000001,200
gemma-3-4b-it,23,colloquial,0.6258999999999999,0.6123999999999999,0.6246000000000002,0.6783,0.637352,200
gemma-3-4b-it,25,textbook,0.7682000000000001,0.7740000000000001,0.732,0.7388,0.963248,200
gemma-3-4b-it,25,patient,0.6798,0.6943,0.6766000000000001,0.7502999999999999,0.691812,200
gemma-3-4b-it,25,clinical_note,0.5184,0.6265999999999999,0.6479,0.6407,0.596212,200
gemma-3-4b-it,25,colloquial,0.6216999999999999,0.6299,0.6192,0.6312,0.630512,200
llama-3-8b-instruct,1,textbook,0.7066000000000001,0.6765,0.655,0.7059000000000002,0.93442,200
llama-3-8b-instruct,1,patient,0.6672,0.7177000000000001,0.6353,0.7103,0.6922240000000001,200
llama-3-8b-instruct,1,clinical_note,0.3915,0.6044999999999999,0.5695,0.6286,0.420628,200
llama-3-8b-instruct,1,colloquial,0.6529,0.59,0.6126,0.6788000000000001,0.6471899999999999,200
llama-3-8b-instruct,3,textbook,0.7039000000000001,0.6851000000000002,0.6527000000000001,0.7175999999999999,0.945116,200
llama-3-8b-instruct,3,patient,0.6903999999999999,0.7682,0.6384,0.7139,0.6910259999999999,200
llama-3-8b-instruct,3,clinical_note,0.5356,0.493,0.5544,0.5804,0.536124,200
llama-3-8b-instruct,3,colloquial,0.6451,0.5787,0.6181000000000001,0.6669,0.63532,200
llama-3-8b-instruct,5,textbook,0.7515000000000001,0.7662,0.6149,0.7567000000000002,0.949192,200
llama-3-8b-instruct,5,patient,0.6465,0.7436,0.6266999999999999,0.7206,0.627624,200
llama-3-8b-instruct,5,clinical_note,0.4686,0.5285,0.5287,0.5446000000000001,0.495716,200
llama-3-8b-instruct,5,colloquial,0.6038000000000001,0.6068,0.5942000000000001,0.6668000000000001,0.603496,200
llama-3-8b-instruct,7,textbook,0.7489,0.7451,0.6112000000000001,0.7292000000000001,0.945572,200
llama-3-8b-instruct,7,patient,0.67265,0.7241,0.6266,0.7318,0.671782,200
llama-3-8b-instruct,7,clinical_note,0.4997,0.5666,0.5380999999999999,0.5849,0.520376,200
llama-3-8b-instruct,7,colloquial,0.60395,0.6201000000000001,0.5941000000000001,0.6940999999999999,0.6397900000000001,200
llama-3-8b-instruct,9,textbook,0.6966999999999999,0.759,0.6937,0.7135,0.941264,200
llama-3-8b-instruct,9,patient,0.71975,0.7251000000000001,0.6871000000000002,0.7631,0.6893440000000001,200
llama-3-8b-instruct,9,clinical_note,0.5489,0.5967,0.5700000000000001,0.6267,0.5971279999999999,200
llama-3-8b-instruct,9,colloquial,0.62905,0.6664999999999999,0.6735,0.6627000000000001,0.6665619999999999,200
llama-3-8b-instruct,11,textbook,0.7487,0.7732,0.7364999999999999,0.7430999999999999,0.951912,200
llama-3-8b-instruct,11,patient,0.70565,0.7396,0.7261,0.7782,0.6908099999999999,200
llama-3-8b-instruct,11,clinical_note,0.5771,0.6622,0.5933,0.6233000000000001,0.63718,200
llama-3-8b-instruct,11,colloquial,0.6688000000000001,0.6678,0.6612,0.6605,0.680898,200
llama-3-8b-instruct,13,textbook,0.7484999999999999,0.7996,0.7968999999999999,0.7702000000000001,0.952464,200
llama-3-8b-instruct,13,patient,0.6953,0.7175,0.7144999999999999,0.7643,0.722136,200
llama-3-8b-instruct,13,clinical_note,0.6492000000000001,0.7065000000000001,0.6972000000000002,0.6738999999999999,0.7199559999999999,200
llama-3-8b-instruct,13,colloquial,0.6622000000000001,0.6933,0.6919,0.6887,0.6887179999999999,200
llama-3-8b-instruct,15,textbook,0.7886,0.8359,0.8301,0.7987000000000001,0.963748,200
llama-3-8b-instruct,15,patient,0.6890000000000001,0.7187000000000001,0.7222999999999999,0.7653,0.74272,200
llama-3-8b-instruct,15,clinical_note,0.6811,0.7571,0.7426,0.7171000000000001,0.7454040000000001,200
llama-3-8b-instruct,15,colloquial,0.6677000000000001,0.7247,0.718,0.7272,0.6888719999999999,200
llama-3-8b-instruct,17,textbook,0.7775999999999998,0.80615,0.7918000000000001,0.7695000000000001,0.96338,200
llama-3-8b-instruct,17,patient,0.7070000000000001,0.7225499999999999,0.7116,0.779,0.765028,200
llama-3-8b-instruct,17,clinical_note,0.6444000000000001,0.74575,0.7274999999999999,0.6932999999999999,0.7279439999999999,200
llama-3-8b-instruct,17,colloquial,0.6668000000000001,0.7127,0.6985,0.7434999999999999,0.712872,200
llama-3-8b-instruct,19,textbook,0.7785,0.7973,0.7898999999999999,0.77,0.963392,200
llama-3-8b-instruct,19,patient,0.7117000000000001,0.7117,0.7056000000000001,0.7654000000000001,0.7699640000000001,200
llama-3-8b-instruct,19,clinical_note,0.6422000000000001,0.73955,0.7252,0.7149,0.7344519999999999,200
llama-3-8b-instruct,19,colloquial,0.6993,0.7073499999999999,0.7005999999999999,0.7325999999999999,0.7488239999999999,200
llama-3-8b-instruct,21,textbook,0.7898,0.79575,0.7895,0.7795000000000001,0.967692,200
llama-3-8b-instruct,21,patient,0.7109,0.7094,0.7049000000000001,0.7642000000000001,0.771928,200
llama-3-8b-instruct,21,clinical_note,0.5981,0.7369,0.7247,0.7057999999999999,0.677284,200
llama-3-8b-instruct,21,colloquial,0.6564,0.70225,0.6999,0.7085999999999999,0.722956,200
llama-3-8b-instruct,23,textbook,0.7974,0.79815,0.7877,0.7914,0.966196,200
llama-3-8b-instruct,23,patient,0.7306,0.7107000000000001,0.7037,0.7724,0.7787719999999998,200
llama-3-8b-instruct,23,clinical_note,0.5844,0.7374,0.7242000000000001,0.7166,0.6821640000000001,200
llama-3-8b-instruct,23,colloquial,0.6715,0.7018,0.6986999999999999,0.7015,0.7239680000000001,200
llama-3-8b-instruct,25,textbook,0.8042,0.7876500000000001,0.7878000000000001,0.796,0.97122,200
llama-3-8b-instruct,25,patient,0.7026,0.7092,0.7043999999999999,0.7865,0.7521359999999999,200
llama-3-8b-instruct,25,clinical_note,0.5941000000000001,0.7318,0.7255000000000001,0.6906,0.6782839999999999,200
llama-3-8b-instruct,25,colloquial,0.641,0.6995,0.6998,0.7041000000000001,0.7021519999999999,200
llama-3-8b-instruct,27,textbook,0.7938999999999999,0.7984,0.7870999999999999,0.7875,0.97026,200
llama-3-8b-instruct,27,patient,0.7220000000000001,0.70735,0.7042,0.7796,0.7642479999999999,200
llama-3-8b-instruct,27,clinical_note,0.5806,0.7429,0.7254,0.7049,0.6804840000000001,200
llama-3-8b-instruct,27,colloquial,0.6910000000000001,0.70065,0.6995,0.7160000000000001,0.744216,200
llama-3-8b-instruct,29,textbook,0.8075,0.7906,0.7866,0.7740000000000001,0.968716,200
llama-3-8b-instruct,29,patient,0.70595,0.707,0.7059,0.7496,0.754948,200
llama-3-8b-instruct,29,clinical_note,0.5920000000000001,0.735,0.726,0.7189000000000001,0.682464,200
llama-3-8b-instruct,29,colloquial,0.6792,0.6967,0.6989000000000001,0.7072999999999999,0.733036,200
llama-3-8b-instruct,31,textbook,0.7940000000000002,0.8005,0.7876000000000001,0.7659,0.970656,200
llama-3-8b-instruct,31,patient,0.7054499999999999,0.70365,0.7067999999999999,0.7631,0.7469180000000001,200
llama-3-8b-instruct,31,clinical_note,0.6103,0.7381,0.7273000000000001,0.725,0.718916,200
llama-3-8b-instruct,31,colloquial,0.6733,0.6957,0.6997,0.7212000000000001,0.7272159999999999,200
qwen2.5-7b-instruct,1,textbook,0.7192000000000002,0.7506000000000002,0.7207,0.6921999999999999,0.942648,200
qwen2.5-7b-instruct,1,patient,0.5907,0.6617,0.6835,0.6983,0.624312,200
qwen2.5-7b-instruct,1,clinical_note,0.4654999999999999,0.5114,0.5833,0.5811,0.5024599999999999,200
qwen2.5-7b-instruct,1,colloquial,0.5609000000000001,0.6416999999999999,0.5636000000000001,0.6214999999999999,0.553752,200
qwen2.5-7b-instruct,3,textbook,0.7225999999999999,0.7363999999999999,0.6765000000000001,0.7079,0.955992,200
qwen2.5-7b-instruct,3,patient,0.6366999999999999,0.6752999999999999,0.6559,0.7089,0.6347999999999999,200
qwen2.5-7b-instruct,3,clinical_note,0.4868,0.5301,0.5541999999999999,0.6319000000000001,0.529452,200
qwen2.5-7b-instruct,3,colloquial,0.5682,0.5847,0.5477000000000001,0.6072,0.5538719999999999,200
qwen2.5-7b-instruct,5,textbook,0.7132000000000001,0.7382,0.6784000000000001,0.69,0.949408,200
qwen2.5-7b-instruct,5,patient,0.6874,0.7037,0.681,0.7221,0.6749919999999999,200
qwen2.5-7b-instruct,5,clinical_note,0.4805999999999999,0.4546,0.5397,0.5923,0.517208,200
qwen2.5-7b-instruct,5,colloquial,0.5384,0.596,0.5653,0.6156,0.5239360000000001,200
qwen2.5-7b-instruct,7,textbook,0.6940000000000001,0.7253000000000001,0.7174,0.6693,0.942136,200
qwen2.5-7b-instruct,7,patient,0.6443,0.7202,0.6938000000000001,0.7553999999999998,0.63906,200
qwen2.5-7b-instruct,7,clinical_note,0.5309,0.5203,0.5704,0.5954,0.5400799999999999,200
qwen2.5-7b-instruct,7,colloquial,0.4895,0.5272,0.6257,0.6557,0.507252,200
qwen2.5-7b-instruct,9,textbook,0.7325,0.7690000000000001,0.6921,0.6948000000000001,0.947856,200
qwen2.5-7b-instruct,9,patient,0.6106,0.6975,0.6931,0.7482000000000001,0.626664,200
qwen2.5-7b-instruct,9,clinical_note,0.5,0.4461,0.5382,0.573,0.5720040000000001,200
qwen2.5-7b-instruct,9,colloquial,0.5735,0.6329,0.6596,0.6622,0.5727679999999999,200
qwen2.5-7b-instruct,11,textbook,0.7422000000000001,0.7647,0.6823,0.6899000000000001,0.950968,200
qwen2.5-7b-instruct,11,patient,0.6200999999999999,0.6669,0.6912,0.7364,0.644228,200
qwen2.5-7b-instruct,11,clinical_note,0.5297,0.506,0.5299,0.5926,0.580944,200
qwen2.5-7b-instruct,11,colloquial,0.6183,0.6404000000000001,0.6505,0.6810000000000002,0.592352,200
qwen2.5-7b-instruct,13,textbook,0.7537999999999999,0.7516,0.7217999999999999,0.6947,0.95246,200
qwen2.5-7b-instruct,13,patient,0.6072,0.7184,0.6870999999999999,0.7557,0.639752,200
qwen2.5-7b-instruct,13,clinical_note,0.517,0.5532,0.5415,0.5926,0.5863799999999999,200
qwen2.5-7b-instruct,13,colloquial,0.5892999999999999,0.6725000000000001,0.671,0.6901000000000002,0.597252,200
qwen2.5-7b-instruct,15,textbook,0.752,0.7573,0.7538,0.7126,0.953596,200
qwen2.5-7b-instruct,15,patient,0.5861000000000001,0.7242500000000001,0.6986,0.7473000000000001,0.607794,200
qwen2.5-7b-instruct,15,clinical_note,0.593,0.5913,0.5895,0.6023000000000001,0.60666,200
qwen2.5-7b-instruct,15,colloquial,0.6097999999999999,0.6283,0.6722000000000001,0.6681999999999999,0.61188,200
qwen2.5-7b-instruct,17,textbook,0.8100999999999999,0.8150999999999999,0.7767,0.7765,0.9708519999999998,200
qwen2.5-7b-instruct,17,patient,0.65215,0.7192,0.7129,0.7383,0.683926,200
qwen2.5-7b-instruct,17,clinical_note,0.6232,0.6702,0.6802000000000001,0.6516000000000001,0.664968,200
qwen2.5-7b-instruct,17,colloquial,0.6922,0.6884,0.6676,0.7104,0.699948,200
qwen2.5-7b-instruct,19,textbook,0.7916,0.7974,0.7497,0.7515999999999999,0.96216,200
qwen2.5-7b-instruct,19,patient,0.7065,0.73345,0.7111000000000001,0.7485,0.7440640000000001,200
qwen2.5-7b-instruct,19,clinical_note,0.597,0.6557,0.7089999999999999,0.6335,0.697908,200
qwen2.5-7b-instruct,19,colloquial,0.6761,0.7031,0.6691,0.6769999999999999,0.73392,200
qwen2.5-7b-instruct,21,textbook,0.798,0.7884,0.7531000000000001,0.7619000000000001,0.965008,200
qwen2.5-7b-instruct,21,patient,0.707,0.7280000000000001,0.7191000000000001,0.7343000000000001,0.752832,200
qwen2.5-7b-instruct,21,clinical_note,0.6137,0.7041000000000001,0.7116000000000001,0.6487,0.7078599999999999,200
qwen2.5-7b-instruct,21,colloquial,0.7228,0.7021,0.6763,0.6986999999999999,0.75116,200
qwen2.5-7b-instruct,23,textbook,0.7886,0.8004,0.7472000000000001,0.7637,0.960116,200
qwen2.5-7b-instruct,23,patient,0.7049000000000001,0.7513000000000001,0.7117999999999999,0.711,0.759548,200
qwen2.5-7b-instruct,23,clinical_note,0.6194,0.6369999999999999,0.7142000000000002,0.6469,0.728168,200
qwen2.5-7b-instruct,23,colloquial,0.6890999999999999,0.7273999999999999,0.6658999999999999,0.6719999999999999,0.752804,200
qwen2.5-7b-instruct,25,textbook,0.7695000000000001,0.7712500000000001,0.7488,0.7316999999999999,0.959104,200
qwen2.5-7b-instruct,25,patient,0.6884,0.7121999999999999,0.7091999999999999,0.7539,0.7325280000000001,200
qwen2.5-7b-instruct,25,clinical_note,0.6224000000000001,0.7153999999999999,0.7122999999999999,0.6404,0.7330079999999999,200
qwen2.5-7b-instruct,25,colloquial,0.676,0.6950999999999999,0.6665000000000001,0.704,0.7358,200
qwen2.5-7b-instruct,27,textbook,0.7919,0.8010000000000002,0.7487,0.7508,0.96338,200
qwen2.5-7b-instruct,27,patient,0.6732,0.7037,0.7091,0.7402,0.7446079999999999,200
qwen2.5-7b-instruct,27,clinical_note,0.5905,0.6713999999999999,0.7133,0.6423000000000001,0.709832,200
qwen2.5-7b-instruct,27,colloquial,0.6537000000000001,0.6992,0.6678000000000002,0.7303,0.72942,200
